{"epoch": 7, "loss": 0.02173558158956255, "time": 24.279009342193604, "id": "client1"}