{"epoch": 9, "loss": 0.01894162949903259, "time": 24.279009342193604, "id": "client1"}