{"epoch": 6, "loss": 0.023447396064907405, "time": 24.279009342193604, "id": "client1"}