{"epoch": 2, "loss": 0.039490315018603554, "time": 24.279009342193604, "id": "client1"}