{"epoch": 1, "loss": 0.056345908833444064, "time": 24.279009342193604, "id": "client1"}