{"epoch": 4, "loss": 0.028795960781156118, "time": 24.279009342193604, "id": "client1"}