{"epoch": 8, "loss": 0.020258381248677522, "time": 24.279009342193604, "id": "client1"}