{"epoch": 0, "loss": 0.10257083618039278, "time": 24.279009342193604, "id": "client1"}