{"epoch": 5, "loss": 0.02583375537199268, "time": 24.279009342193604, "id": "client1"}