{"epoch": 3, "loss": 0.033250971024139875, "time": 24.279009342193604, "id": "client1"}