{"loss": 0.019990015374226185, "epoch": "8", "acc": 98.95409910938571, "precision": 98.96857038629385, "f1": 98.93712504269736, "average_time": 24.849339421581668}