{"epoch": 8, "loss": 0.019721649499774844, "time": 25.394614458084106, "id": "client0"}