{"epoch": 5, "loss": 0.025618194101925645, "time": 25.394614458084106, "id": "client0"}