{"epoch": 0, "loss": 0.08870638300035373, "time": 25.394614458084106, "id": "client0"}