{"epoch": 2, "loss": 0.04044214314057957, "time": 25.394614458084106, "id": "client0"}