{"epoch": 9, "loss": 0.018279516037600006, "time": 25.394614458084106, "id": "client0"}