{"epoch": 4, "loss": 0.02868200555875308, "time": 25.394614458084106, "id": "client0"}