{"epoch": 3, "loss": 0.03288225944641947, "time": 25.394614458084106, "id": "client0"}