{"epoch": 6, "loss": 0.023220123274399086, "time": 25.394614458084106, "id": "client0"}