{"epoch": 7, "loss": 0.021504826691754405, "time": 25.394614458084106, "id": "client0"}