{"epoch": 1, "loss": 0.05873015400970286, "time": 25.394614458084106, "id": "client0"}