{"loss": 0.05753803142157346, "epoch": "1", "acc": 90.93400319707696, "precision": 90.9934062325101, "f1": 89.5699662222196, "average_time": 24.849339421581668}