{"loss": 0.03996622907959156, "epoch": "2", "acc": 96.45581182918474, "precision": 96.2112787476733, "f1": 96.05785849806891, "average_time": 24.849339421581668}