{"loss": 0.028738983169954598, "epoch": "4", "acc": 99.01347339575246, "precision": 99.02718474066886, "f1": 99.00074228640176, "average_time": 24.849339421581668}