{"loss": 0.023333759669653245, "epoch": "6", "acc": 99.41995889472483, "precision": 99.42172059139503, "f1": 99.40851422178598, "average_time": 24.849339421581668}