{"loss": 0.03306661523527967, "epoch": "3", "acc": 98.24313009058385, "precision": 98.23474885137684, "f1": 98.18761198100309, "average_time": 24.849339421581668}