{"loss": 0.025725974736959163, "epoch": "5", "acc": 98.86579888863515, "precision": 98.88369364602933, "f1": 98.84809843153133, "average_time": 24.849339421581668}