{"loss": 0.09563860959037326, "epoch": "0", "acc": 79.2205221892365, "precision": 85.62100571369321, "f1": 72.55798701663392, "average_time": 24.849339421581668}