{"loss": 0.021620204140658475, "epoch": "7", "acc": 98.82469361345817, "precision": 98.84439957913239, "f1": 98.80551370737601, "average_time": 24.849339421581668}