{"loss": 0.0186105727683163, "epoch": "9", "acc": 99.39103296034102, "precision": 99.39303511558138, "f1": 99.37917917775462, "average_time": 24.849339421581668}